17awakil 17awakil
adambabs adambabs
albat3ross Han Zhou
AlexanderAsfar AlexanderAsfar
alitapan Ali Tapan
anasdeis Anas Deis
Anasshahidd21 Anas Shahid
And7ew And7ew
angel6497 angel6497
anthony-ubah anthony-ubah
APorporino Anthony Porporino
archarbar Victor Zhong
arianit1999 Arianit Vavla
arneetsinghkalra Arneet Kalra
benjaminweiss46 Benjamin Weiss
BradMcBain Brad McBain
brendanmarks brendanmarks
calebsh calebsh
Catosine Cytosine
cboustros cboustros
chadspector chadspector
Charles0115 Charles0115
CharlesBourbeau Charles Bourbeau
ChelseaM-C Chelsea Myers-Colet
Cpt0Teemo Yoan Poulmarc'k
danbensouss danbensouss
DarienMC Darien Muse-Charbonneau
davidkronish David Kronish
DominicWen73 Dominic Wener
du-hr Haoran Du
dumplingsforbreakfast Gloria Li
ecse321testuser ecse321testuser
eliastam eliastam
Elie-Elia Elie-Elia
felixsimard Felix Simard
FunnyQDaniel FunnyQDaniel
Georges1998 George Kandalaft
ggnjt ggnjt
glenxoseph glenxoseph
gmourant Georges Mourant
gregpiche gregpiche
hadizia hadizia
haoweiqiu Haowei
helen-m-lin helen-m-lin
HuzaifaElahi Muhammad Huzaifa Elahi
idodin Imad Dodin
ImaneChafi ImaneChafi
imbur Marton Bur
isaacdif Isaac Di Francesco
iyatan Iyatan Atchoro
jacobsilcoff Jacob Silcoff
jasondaou Jason Daou
jerryled jerryled
JiMing-Li JiMing-Li
jmrchow Jeremy Chow
KarlDoumar KarlDoumar
karleid Karl Eid
kehwhy kehwhy
konzert konzert
kraglalbert Albert Kragl
Krownsi Alex Gruenwald
Kyjauna Kyjauna
KyleDouglasMyers KyleDouglasMyers
Langdo99 Langdo99
liutianci1887 liutianci1887
liuzheyu1998 Zheyu Liu
loucadufault loucadufault
luusteve luusteve
M1984 YuhangZhang
mahroo12 mahroo12
MaireadMaloney Mairead Maloney
maizeng2008 maizeng2008
marw12 marw12
marwankanaan Marwan Kanaan
mattcaccavelli mattcaccavelli
maxbuteau Maxime Buteau
mehdiammar Mehdi Ammar
menglinhe Menglin He
mertgurkan mertgurkan
MichelMajdalani MichelMajdalani
michr12 Mich Riendeau
mlej8 Michael Li
mlsmlk mlsmlk
mnoor984 mnoor984
mrplt Murat Polat
mustafain117 Mustafain Ali Khan
NelsonZeng25 Nelson Zeng
NicolasAbdelnour Nicolas Abdelnour
ocayci1 Onur Cayci
OderoOtieno Odero Otieno
OldPineapple OldPineapple
osmanvee Osman Warsi
PaulHooley Paul Hooley
petarbasta Petar Basta
pppparadox pppparadox
preyansh98 Preyansh Kaushik
randylimcgill randylimcgill
rezaandwenhao Owen (Wenhao) Geng
Rijul5 RIJUL SAINI
ryanarndtsen ryanarndtsen
samihilal1234 samihilal1234
sanihaseeb Sani Haseeb
schen136 Grace Chen
sharonkat Sharon Kattar
Silectron Silectron
sofiiad sofiiad
ssmith21 Sean Smith
sungengyi Gengyi Sun
talellia Alba Talelli
talhariaz3077 Talha
taylorlynn taylorlynn
thehomelessredranger Edward Latulipe-Kang
tondro1 Alex Choi
Tony9984 Tony
TrvTab TrvTab
turekin turekin
twedds95 Patrick Tweddell
tylerrwatsonn tylerrwatsonn
udchemen Uyiren Chemen
watem Matthew Williams
willbouch willbouch
WilliamYkZhang William Zhang
Yuankang-Wei Frank-Wei
zhengyucui Zheng Yu Cui
ZijinNie Zijin Nie
